<?xml version="1.0" encoding="UTF-8" standalone="yes"?>
<!--
    
    Automated Kodi addon updates
    
-->
<installer>
    <!--
        Addons is a required container for a list of addon username and addon_id pairs.
        Each container requires both pairs.
    -->
    <addons>
        <addon>
            <addon_id>frenchdj.repository</addon_id>
            <username>frenchdj</username>
        </addon>
       <addon>
            <addon_id>repository.tva.common</addon_id>
            <username>tvaddonsco</username>
        </addon>
        <addon>
            <addon_id>repository.blamo</addon_id>
            <username>MrBlamo</username>
        </addon>
        <addon>
            <addon_id>plugin.program.indigo</addon_id>
            <username>tvaddonsco</username>
        </addon>
        <addon>
            <addon_id>service.subtitles.opensubtitles_by_opensubtitles</addon_id>
            <username>tvaddonsco</username>
        </addon>
        <addon>
            <addon_id>script.module.resolveurl</addon_id>
            <username>tvaddonsco</username>
        </addon>
        <addon>
            <addon_id>script.realdebrid</addon_id>
            <username>tvaddonsco</username>
        </addon>
        <addon>
            <addon_id>plugin.onedrive</addon_id>
            <username>cguZZman</username>
        </addon>
        <addon>
            <addon_id>plugin.program.indigo</addon_id>
            <username>tvaddonsco</username>
        </addon>
        <addon>
            <addon_id>plugin.video.dsrdplus</addon_id>
            <username>MrBlamo</username>
        </addon>
    </addons>
</installer>
